name,manufacturer,tdp,cores,frequency,total_die_size,gwp_embedded,gwp_use,gwp_total,pe_embedded,pe_use,pe_total,adp_embedded,adp_use,adp_total
AMD A10 PRO-7800B,AMD,65.0,4.0,3.5,245.0,12.7,600.0,612.7,200.0,20000.0,20200.0,0.0204,0.00011,0.02051
AMD A10 PRO-7850B,AMD,95.0,4.0,3.7,245.0,12.7,900.0,912.7,200.0,30000.0,30200.0,0.0204,0.00016,0.020560000000000002
AMD A10-4600M,AMD,35.0,4.0,2.3,246.0,12.7,300.0,312.7,200.0,10000.0,10200.0,0.0204,6e-05,0.020460000000000002
AMD A10-4655M,AMD,25.0,4.0,2.0,246.0,12.7,250.0,262.7,200.0,10000.0,10200.0,0.0204,4e-05,0.02044
AMD A10-5700,AMD,65.0,4.0,3.4,246.0,12.7,600.0,612.7,200.0,20000.0,20200.0,0.0204,0.00011,0.02051
AMD A10-5745M,AMD,25.0,4.0,2.1,246.0,12.7,250.0,262.7,200.0,10000.0,10200.0,0.0204,4e-05,0.02044
AMD A10-5750M,AMD,35.0,4.0,2.5,246.0,12.7,300.0,312.7,200.0,10000.0,10200.0,0.0204,6e-05,0.020460000000000002
AMD A10-5757M,AMD,35.0,4.0,2.5,246.0,12.7,300.0,312.7,200.0,10000.0,10200.0,0.0204,6e-05,0.020460000000000002
AMD A10-5800B,AMD,100.0,4.0,3.8,246.0,12.7,1000.0,1012.7,200.0,30000.0,30200.0,0.0204,0.00017,0.02057
AMD A10-5800K,AMD,100.0,4.0,3.8,246.0,12.7,1000.0,1012.7,200.0,30000.0,30200.0,0.0204,0.00017,0.02057
AMD A10-6700,AMD,65.0,4.0,3.7,246.0,12.7,600.0,612.7,200.0,20000.0,20200.0,0.0204,0.00011,0.02051
AMD A10-6700T,AMD,45.0,4.0,2.5,246.0,12.7,400.0,412.7,200.0,20000.0,20200.0,0.0204,8e-05,0.02048
AMD A10-6790B,AMD,100.0,4.0,4.0,246.0,12.7,1000.0,1012.7,200.0,30000.0,30200.0,0.0204,0.00017,0.02057
AMD A10-6790K,AMD,100.0,4.0,4.0,246.0,12.7,1000.0,1012.7,200.0,30000.0,30200.0,0.0204,0.00017,0.02057
AMD A10-6800K,AMD,100.0,4.0,4.1,246.0,12.7,1000.0,1012.7,200.0,30000.0,30200.0,0.0204,0.00017,0.02057
AMD A10-7700K,AMD,95.0,4.0,3.4,245.0,12.7,900.0,912.7,200.0,30000.0,30200.0,0.0204,0.00016,0.020560000000000002
AMD A10-7800,AMD,65.0,4.0,3.5,245.0,12.7,600.0,612.7,200.0,20000.0,20200.0,0.0204,0.00011,0.02051
AMD A10-7850K,AMD,95.0,4.0,3.7,245.0,12.7,900.0,912.7,200.0,30000.0,30200.0,0.0204,0.00016,0.020560000000000002
AMD A10-7860K,AMD,65.0,4.0,3.6,245.0,12.7,600.0,612.7,200.0,20000.0,20200.0,0.0204,0.00011,0.02051
AMD A10-7870K,AMD,95.0,4.0,3.9,245.0,12.7,900.0,912.7,200.0,30000.0,30200.0,0.0204,0.00016,0.020560000000000002
AMD A10-7890K,AMD,95.0,4.0,4.0,245.0,12.7,900.0,912.7,200.0,30000.0,30200.0,0.0204,0.00016,0.020560000000000002
AMD A10-9700,AMD,65.0,4.0,3.5,250.0,12.7,600.0,612.7,200.0,20000.0,20200.0,0.0204,0.00011,0.02051
AMD A10-9700E,AMD,35.0,4.0,3.0,250.0,12.7,300.0,312.7,200.0,10000.0,10200.0,0.0204,6e-05,0.020460000000000002
AMD A12-9800,AMD,65.0,4.0,3.8,250.0,12.7,600.0,612.7,200.0,20000.0,20200.0,0.0204,0.00011,0.02051
AMD A12-9800E,AMD,35.0,4.0,3.1,250.0,12.7,300.0,312.7,200.0,10000.0,10200.0,0.0204,6e-05,0.020460000000000002
AMD A4 PRO-7300B,AMD,65.0,2.0,3.8,246.0,17.0,600.0,617.0,260.0,20000.0,20260.0,0.0204,0.00011,0.02051
AMD A4 PRO-7350B,AMD,65.0,2.0,3.4,245.0,17.0,600.0,617.0,260.0,20000.0,20260.0,0.0204,0.00011,0.02051
AMD A4-1200,AMD,4.0,2.0,1.0,107.0,17.0,40.0,57.0,260.0,1000.0,1260.0,0.0204,7e-06,0.020407
AMD A4-1250,AMD,8.0,2.0,1.0,107.0,17.0,80.0,97.0,260.0,3000.0,3260.0,0.0204,1.3e-05,0.020413
AMD A4-1350,AMD,8.0,4.0,1.0,107.0,12.7,80.0,92.7,200.0,3000.0,3200.0,0.0204,1.3e-05,0.020413
AMD A4-3300,AMD,65.0,2.0,2.5,228.0,17.0,600.0,617.0,260.0,20000.0,20260.0,0.0204,0.00011,0.02051
AMD A4-3300M,AMD,35.0,2.0,1.9,228.0,17.0,300.0,317.0,260.0,10000.0,10260.0,0.0204,6e-05,0.020460000000000002
AMD A4-3305M,AMD,35.0,2.0,1.9,228.0,17.0,300.0,317.0,260.0,10000.0,10260.0,0.0204,6e-05,0.020460000000000002
AMD A4-3310MX,AMD,35.0,2.0,2.1,228.0,17.0,300.0,317.0,260.0,10000.0,10260.0,0.0204,6e-05,0.020460000000000002
AMD A4-3320M,AMD,35.0,2.0,2.0,228.0,17.0,300.0,317.0,260.0,10000.0,10260.0,0.0204,6e-05,0.020460000000000002
AMD A4-3330MX,AMD,45.0,2.0,2.2,228.0,17.0,400.0,417.0,260.0,20000.0,20260.0,0.0204,8e-05,0.02048
AMD A4-3400,AMD,65.0,2.0,2.7,228.0,17.0,600.0,617.0,260.0,20000.0,20260.0,0.0204,0.00011,0.02051
AMD A4-3420,AMD,65.0,2.0,2.8,228.0,17.0,600.0,617.0,260.0,20000.0,20260.0,0.0204,0.00011,0.02051
AMD A4-4000,AMD,65.0,2.0,3.0,246.0,17.0,600.0,617.0,260.0,20000.0,20260.0,0.0204,0.00011,0.02051
AMD A4-4020,AMD,65.0,2.0,3.2,246.0,17.0,600.0,617.0,260.0,20000.0,20260.0,0.0204,0.00011,0.02051
AMD A4-4300M,AMD,35.0,2.0,2.5,246.0,17.0,300.0,317.0,260.0,10000.0,10260.0,0.0204,6e-05,0.020460000000000002
AMD A4-4355M,AMD,17.0,2.0,1.9,246.0,17.0,170.0,187.0,260.0,10000.0,10260.0,0.0204,3e-05,0.02043
AMD A4-5000,AMD,15.0,4.0,1.5,107.0,12.7,150.0,162.7,200.0,10000.0,10200.0,0.0204,2.5e-05,0.020425000000000002
AMD A4-5050,AMD,15.0,4.0,1.55,107.0,12.7,150.0,162.7,200.0,10000.0,10200.0,0.0204,2.5e-05,0.020425000000000002
AMD A4-5145M,AMD,17.0,2.0,2.0,246.0,17.0,170.0,187.0,260.0,10000.0,10260.0,0.0204,3e-05,0.02043
AMD A4-5150M,AMD,35.0,2.0,2.7,246.0,17.0,300.0,317.0,260.0,10000.0,10260.0,0.0204,6e-05,0.020460000000000002
AMD A4-5300,AMD,65.0,2.0,3.4,246.0,17.0,600.0,617.0,260.0,20000.0,20260.0,0.0204,0.00011,0.02051
AMD A4-5300B,AMD,65.0,2.0,3.4,246.0,17.0,600.0,617.0,260.0,20000.0,20260.0,0.0204,0.00011,0.02051
AMD A4-6300,AMD,65.0,2.0,3.7,246.0,17.0,600.0,617.0,260.0,20000.0,20260.0,0.0204,0.00011,0.02051
AMD A4-6300B,AMD,65.0,2.0,3.7,246.0,17.0,600.0,617.0,260.0,20000.0,20260.0,0.0204,0.00011,0.02051
AMD A4-6320,AMD,65.0,2.0,3.8,246.0,17.0,600.0,617.0,260.0,20000.0,20260.0,0.0204,0.00011,0.02051
AMD A4-6320B,AMD,65.0,2.0,3.8,246.0,17.0,600.0,617.0,260.0,20000.0,20260.0,0.0204,0.00011,0.02051
AMD A4-7300,AMD,65.0,2.0,3.8,246.0,17.0,600.0,617.0,260.0,20000.0,20260.0,0.0204,0.00011,0.02051
AMD A6 PRO-7400B,AMD,65.0,2.0,3.5,245.0,17.0,600.0,617.0,260.0,20000.0,20260.0,0.0204,0.00011,0.02051
AMD A6-1450,AMD,8.0,4.0,1.0,107.0,12.7,80.0,92.7,200.0,3000.0,3200.0,0.0204,1.3e-05,0.020413
AMD A6-3400M,AMD,35.0,4.0,1.4,228.0,12.7,300.0,312.7,200.0,10000.0,10200.0,0.0204,6e-05,0.020460000000000002
AMD A6-3410MX,AMD,45.0,4.0,1.6,228.0,12.7,400.0,412.7,200.0,20000.0,20200.0,0.0204,8e-05,0.02048
AMD A6-3420M,AMD,35.0,4.0,1.5,228.0,12.7,300.0,312.7,200.0,10000.0,10200.0,0.0204,6e-05,0.020460000000000002
AMD A6-3430MX,AMD,45.0,4.0,1.7,228.0,12.7,400.0,412.7,200.0,20000.0,20200.0,0.0204,8e-05,0.02048
AMD A6-3500,AMD,65.0,3.0,2.1,228.0,14.48,600.0,614.48,227.8,20000.0,20227.8,0.0204,0.00011,0.02051
AMD A6-3600,AMD,65.0,4.0,2.1,228.0,12.7,600.0,612.7,200.0,20000.0,20200.0,0.0204,0.00011,0.02051
AMD A6-3620,AMD,65.0,4.0,2.2,228.0,12.7,600.0,612.7,200.0,20000.0,20200.0,0.0204,0.00011,0.02051
AMD A6-3650,AMD,100.0,4.0,2.6,228.0,12.7,1000.0,1012.7,200.0,30000.0,30200.0,0.0204,0.00017,0.02057
AMD A6-3670K,AMD,100.0,4.0,2.7,228.0,12.7,1000.0,1012.7,200.0,30000.0,30200.0,0.0204,0.00017,0.02057
AMD A6-4400M,AMD,35.0,2.0,2.7,246.0,17.0,300.0,317.0,260.0,10000.0,10260.0,0.0204,6e-05,0.020460000000000002
AMD A6-4455M,AMD,17.0,2.0,2.1,246.0,17.0,170.0,187.0,260.0,10000.0,10260.0,0.0204,3e-05,0.02043
AMD A6-5200,AMD,25.0,4.0,2.0,107.0,12.7,250.0,262.7,200.0,10000.0,10200.0,0.0204,4e-05,0.02044
AMD A6-5345M,AMD,17.0,2.0,2.2,246.0,17.0,170.0,187.0,260.0,10000.0,10260.0,0.0204,3e-05,0.02043
AMD A6-5350M,AMD,35.0,2.0,2.9,246.0,17.0,300.0,317.0,260.0,10000.0,10260.0,0.0204,6e-05,0.020460000000000002
AMD A6-5357M,AMD,35.0,2.0,2.9,246.0,17.0,300.0,317.0,260.0,10000.0,10260.0,0.0204,6e-05,0.020460000000000002
AMD A6-5400B,AMD,65.0,2.0,3.6,246.0,17.0,600.0,617.0,260.0,20000.0,20260.0,0.0204,0.00011,0.02051
AMD A6-5400K,AMD,65.0,2.0,3.6,246.0,17.0,600.0,617.0,260.0,20000.0,20260.0,0.0204,0.00011,0.02051
AMD A6-6400B,AMD,65.0,2.0,3.9,246.0,17.0,600.0,617.0,260.0,20000.0,20260.0,0.0204,0.00011,0.02051
AMD A6-6400K,AMD,65.0,2.0,3.9,246.0,17.0,600.0,617.0,260.0,20000.0,20260.0,0.0204,0.00011,0.02051
AMD A6-6420K,AMD,65.0,2.0,4.0,246.0,17.0,600.0,617.0,260.0,20000.0,20260.0,0.0204,0.00011,0.02051
AMD A6-7400K,AMD,65.0,2.0,3.5,245.0,17.0,600.0,617.0,260.0,20000.0,20260.0,0.0204,0.00011,0.02051
AMD A6-7470K,AMD,65.0,2.0,3.7,245.0,17.0,600.0,617.0,260.0,20000.0,20260.0,0.0204,0.00011,0.02051
AMD A6-7480,AMD,45.0,2.0,3.5,250.0,17.0,400.0,417.0,260.0,20000.0,20260.0,0.0204,8e-05,0.02048
AMD A6-9120C SoC,AMD,6.0,2.0,1.6,124.0,17.0,60.0,77.0,260.0,2000.0,2260.0,0.0204,1e-05,0.02041
AMD A6-9220C SoC,AMD,6.0,2.0,1.8,124.0,17.0,60.0,77.0,260.0,2000.0,2260.0,0.0204,1e-05,0.02041
AMD A6-9400,AMD,65.0,2.0,3.4,250.0,17.0,600.0,617.0,260.0,20000.0,20260.0,0.0204,0.00011,0.02051
AMD A6-9500,AMD,65.0,2.0,3.5,250.0,17.0,600.0,617.0,260.0,20000.0,20260.0,0.0204,0.00011,0.02051
AMD A6-9500E,AMD,35.0,2.0,3.0,250.0,17.0,300.0,317.0,260.0,10000.0,10260.0,0.0204,6e-05,0.020460000000000002
AMD A6-9550,AMD,65.0,2.0,3.8,250.0,17.0,600.0,617.0,260.0,20000.0,20260.0,0.0204,0.00011,0.02051
AMD A8 PRO-7600B,AMD,65.0,4.0,3.1,245.0,12.7,600.0,612.7,200.0,20000.0,20200.0,0.0204,0.00011,0.02051
AMD A8-3500M,AMD,35.0,4.0,1.5,228.0,12.7,300.0,312.7,200.0,10000.0,10200.0,0.0204,6e-05,0.020460000000000002
AMD A8-3510MX,AMD,45.0,4.0,1.8,228.0,12.7,400.0,412.7,200.0,20000.0,20200.0,0.0204,8e-05,0.02048
AMD A8-3520M,AMD,35.0,4.0,1.6,228.0,12.7,300.0,312.7,200.0,10000.0,10200.0,0.0204,6e-05,0.020460000000000002
AMD A8-3530MX,AMD,45.0,4.0,1.9,228.0,12.7,400.0,412.7,200.0,20000.0,20200.0,0.0204,8e-05,0.02048
AMD A8-3550MX,AMD,45.0,4.0,2.0,228.0,12.7,400.0,412.7,200.0,20000.0,20200.0,0.0204,8e-05,0.02048
AMD A8-3800,AMD,65.0,4.0,2.4,228.0,12.7,600.0,612.7,200.0,20000.0,20200.0,0.0204,0.00011,0.02051
AMD A8-3820,AMD,65.0,4.0,2.5,228.0,12.7,600.0,612.7,200.0,20000.0,20200.0,0.0204,0.00011,0.02051
AMD A8-3850,AMD,100.0,4.0,2.9,228.0,12.7,1000.0,1012.7,200.0,30000.0,30200.0,0.0204,0.00017,0.02057
AMD A8-3870K,AMD,100.0,4.0,3.0,228.0,12.7,1000.0,1012.7,200.0,30000.0,30200.0,0.0204,0.00017,0.02057
AMD A8-4500M,AMD,35.0,4.0,1.9,246.0,12.7,300.0,312.7,200.0,10000.0,10200.0,0.0204,6e-05,0.020460000000000002
AMD A8-4555M,AMD,19.0,4.0,1.6,246.0,12.7,190.0,202.7,200.0,10000.0,10200.0,0.0204,3e-05,0.02043
AMD A8-5500,AMD,65.0,4.0,3.2,246.0,12.7,600.0,612.7,200.0,20000.0,20200.0,0.0204,0.00011,0.02051
AMD A8-5500B,AMD,65.0,4.0,3.2,246.0,12.7,600.0,612.7,200.0,20000.0,20200.0,0.0204,0.00011,0.02051
AMD A8-5545M,AMD,25.0,4.0,1.7,246.0,12.7,250.0,262.7,200.0,10000.0,10200.0,0.0204,4e-05,0.02044
AMD A8-5550M,AMD,35.0,4.0,2.1,246.0,12.7,300.0,312.7,200.0,10000.0,10200.0,0.0204,6e-05,0.020460000000000002
